00262165,"fmvmemory.cpp"
00262173,"_ZN3fmv18     GetMemRequirements      EjjNS_14EMpegVideo
002621a7,"_ZN3fmv7      MemInit                 EPvj"
002621bb,"_ZN3fmv12     MemTerminate            Ev"
002621d3,"_ZN3fmv8      MemAlloc                Ejj"
002621e7,"_ZN3fmv8      MemReset                Ev"
002621fa,"_ZN3fmv17     s_bMemInitialized       E"
00262216,"_ZN3fmv10     s_pWorkMem              E"
0026222b,"_ZN3fmv14     s_uWorkMemSize          E"
00262244,"_ZN3fmv20     s_pCurrentMemPointer    E"
00262264,"_ZN3fmv17     s_bMemInitialized       E"
00262280,"_ZN3fmv10     s_pWorkMem              E"
00262295,"_ZN3fmv14     s_uWorkMemSize          E"
002622ae,"_ZN3fmv20     s_pCurrentMemPointer    E"
002622cd,"_ZN3fmv18     GetMemRequirements      EjjNS_14EMpegVideo
00262301,"_ZN3fmv7      MemInit                 EPvj"
00262315,"_ZN3fmv12     MemTerminate            Ev"
0026232d,"_ZN3fmv8      MemAlloc                Ejj"
00262341,"_ZN3fmv8      MemReset                Ev"
