0026377d,"fmvmpeg.cpp"
00263789,"_ZN3fmv8      MpegInit            Ev"
0026379c,"_ZN3fmv10     MpegCreate          EPNS_10MpegStreamENS_14EMpegVideoTypeEPFvjEPFiPhijEjij"
002637e6,"_ZN3fmv12     MpegGetVideo        EPPNS_6DmaTagEj"
0026380b,"_ZN3fmv9      MpegIsEnd           Ev"
0026381f,"_ZN3fmv10     MpegRewind          Ev"
00263835,"_ZN3fmv8      MpegIdle            Ev"
00263848,"_ZN3fmv8      MpegBind            EPNS_10MpegStreamE"
0026386b,"_ZN3fmv10     MpegDelete          Ev"
00263881,"_ZN3fmv11     _createCore         EiPNS_10MpegStreamENS_14EMpegVideoTypeEPFvjEPFiPhijEjij"
002638cd,"_ZN3fmv13     _getVideoCore       Ev"
002638e6,"_ZN3fmv14     _mywaitipuidle      Ei"
00263900,"_ZN3fmv14     _videoCallback      EP7sceMpegP16sceMpegCbDataStrPv"
00263937,"_ZN3fmv15     _nodataCallback     EP7sceMpegP13sceMpegCbDataPv"
0026396c,"_ZN3fmv19     _backgroundCallback EP7sceMpegP13sceMpegCbDataPv"
002639a5,"_ZN3fmv14     _errorCallback      EP7sceMpegP13sceMpegCbDataPv"
002639d9,"_ZN3fmv9      _fillBuff           Ei"
002639ed,"_ZN3fmv4      _str                E"
002639fc,"_ZN3fmv4      _str                E"
00263a0a,"_ZN3fmv8      MpegInit            Ev"
00263a1d,"sceIpuInit"
00263a28,"sceMpegInit"
00263a34,"_ZN3fmv20     DmaSetChannelOptionsENS_11EDmaChanne
00263a6a,"_ZN3fmv10     MpegCreateEPNS_10MpegStreamENS_14EMp
00263ab4,"_ZN3fmv11     _createCoreEiPNS_10MpegStreamENS_14E
00263b00,"_ZN3fmv12     MpegGetVideoEPPNS_6DmaTagEj"
00263b25,"_ZN3fmv13     _getVideoCoreEv"
00263b3e,"_ZN3fmv16     setLoadImageDestEPNS_6DmaTagEjji"
00263b68,"_ZN3fmv9      MpegIsEndEv"
00263b7c,"sceMpegIsEnd"
00263b89,"_ZN3fmv10     MpegRewindEv"
00263b9f,"_ZN3fmv8      MpegIdleEv"
00263bb2,"_ZN3fmv9      _fillBuffEi"
00263bc6,"_ZN3fmv8      MpegBindEPNS_10MpegStreamE"
00263be9,"_ZN3fmv10     MpegDeleteEv"
00263bff,"sceMpegDelete"
00263c0d,"DIntr"
00263c24,"_ZN3fmv8      MemAllocEjj"
00263c38,"sceMpegCreate"
00263c46,"_ZN3fmv15     _nodataCallbackEP7sceMpegP13sceMpegC
00263c7b,"sceMpegAddCallback"
00263c8e,"_ZN3fmv19     _backgroundCallbackEP7sceMpegP13sceM
00263cc7,"_ZN3fmv14     _errorCallbackEP7sceMpegP13sceMpegCb
00263cfb,"_ZN3fmv20     setLoadImageTagsRowsEPNS_6DmaTagEPvj
00263d2b,"sceIpuStopDMA"
00263d39,"_ZN3fmv23     setLoadImageTagsColumnsEPNS_6DmaTagE
00263d6c,"sceMpegReset"
00263d79,"sceIpuRestartDMA"
00263d8a,"sceIpuSync"
00263d95,"sceMpegGetPicture"
00263da7,"_ZN3fmv14     _mywaitipuidleEi"
00263dc1,"_ZN3fmv8      DmaStartENS_11EDmaChannelEPvj"
00263de7,"_ZN3fmv14     _videoCallbackEP7sceMpegP16sceMpegCb
00263e1e,"memcpy"
